{"is_source_file": false, "format": "", "description": "", "external_files": [], "external_methods": [], "published": [], "classes": [], "methods": [], "calls": [], "search-terms": [], "state": 2, "file_id": 12, "knowledge_revision": 20, "git_revision": "d7d57dfa14deda50c897bb61913c0bdb9d7aae05", "hash": "f11369793c53c05db4ff04bccbcebcc2", "format-version": 4, "code-base-name": "tic_tac_toe_frontend", "filename": "README.md", "revision_history": [{"20": "d7d57dfa14deda50c897bb61913c0bdb9d7aae05"}]}