{"is_source_file": true, "format": "JavaScript (React.js)", "description": "This is a React functional component implementing a Tic Tac Toe game interface, management of game state, and user interactions.", "external_files": ["./App.css"], "external_methods": ["useMemo", "useState"], "published": ["App"], "classes": [], "methods": [{"name": "App()", "description": "Main React functional component that renders the Tic Tac Toe game interface, manages game state, and handles user interactions.", "scope": "", "scopeKind": ""}, {"name": "handleSquareClick(index)", "description": "Handles a user clicking on a game square, updates the game state accordingly.", "scope": "App", "scopeKind": "function"}, {"name": "handleNewGame()", "description": "Resets the game to the initial state for a new round.", "scope": "App", "scopeKind": "function"}], "calls": ["setSquares", "setIsXNext", "useMemo", "useState", "Array.prototype.fill", "Array.prototype.every", "Array.prototype.includes"], "search-terms": ["Tic Tac Toe React component", "useMemo", "useState", "game state management", "winner detection", "board rendering", "handleSquareClick", "handleNewGame"], "state": 2, "file_id": 7, "knowledge_revision": 26, "git_revision": "e6331b0065d97fc90fc622faec1e58810fc62264", "revision_history": [{"25": "e6331b0065d97fc90fc622faec1e58810fc62264"}, {"26": "e6331b0065d97fc90fc622faec1e58810fc62264"}], "ctags": [{"_type": "tag", "name": "App", "path": "/home/kavia/workspace/code-generation/two-player-tic-tac-toe-210054-210072/tic_tac_toe_frontend/src/App.js", "pattern": "/^function App() {$/", "language": "JavaScript", "kind": "function", "signature": "()"}, {"_type": "tag", "name": "O", "path": "/home/kavia/workspace/code-generation/two-player-tic-tac-toe-210054-210072/tic_tac_toe_frontend/src/App.js", "pattern": "/^  O: \"O\",$/", "language": "JavaScript", "kind": "property", "scope": "PLAYERS", "scopeKind": "class"}, {"_type": "tag", "name": "PLAYERS", "path": "/home/kavia/workspace/code-generation/two-player-tic-tac-toe-210054-210072/tic_tac_toe_frontend/src/App.js", "pattern": "/^const PLAYERS = {$/", "language": "JavaScript", "kind": "class"}, {"_type": "tag", "name": "WIN_LINES", "path": "/home/kavia/workspace/code-generation/two-player-tic-tac-toe-210054-210072/tic_tac_toe_frontend/src/App.js", "pattern": "/^const WIN_LINES = [$/", "language": "JavaScript", "kind": "constant"}, {"_type": "tag", "name": "X", "path": "/home/kavia/workspace/code-generation/two-player-tic-tac-toe-210054-210072/tic_tac_toe_frontend/src/App.js", "pattern": "/^  X: \"X\",$/", "language": "JavaScript", "kind": "property", "scope": "PLAYERS", "scopeKind": "class"}, {"_type": "tag", "name": "[ \"rt-status\", winner ? \"is-winner\" : \"\", isDraw ? \"is-draw\" : \"\", ]", "path": "/home/kavia/workspace/code-generation/two-player-tic-tac-toe-210054-210072/tic_tac_toe_frontend/src/App.js", "pattern": "/^                \"rt-status\",$/", "language": "JavaScript", "kind": "field", "scope": "App.className", "scopeKind": "class"}, {"_type": "tag", "name": "handleNewGame", "path": "/home/kavia/workspace/code-generation/two-player-tic-tac-toe-210054-210072/tic_tac_toe_frontend/src/App.js", "pattern": "/^  function handleNewGame() {$/", "language": "JavaScript", "kind": "function", "signature": "()", "scope": "App", "scopeKind": "function"}, {"_type": "tag", "name": "handleSquareClick", "path": "/home/kavia/workspace/code-generation/two-player-tic-tac-toe-210054-210072/tic_tac_toe_frontend/src/App.js", "pattern": "/^  function handleSquareClick(index) {$/", "language": "JavaScript", "kind": "function", "signature": "(index)", "scope": "App", "scopeKind": "function"}], "hash": "7e0bfb34943a5024b347fd8634b7ea00", "format-version": 4, "code-base-name": "tic_tac_toe_frontend", "filename": "tic_tac_toe_frontend/src/App.js", "fields": [{"name": "O: \"O\",", "scope": "PLAYERS", "scopeKind": "class", "description": "unavailable"}, {"name": "X: \"X\",", "scope": "PLAYERS", "scopeKind": "class", "description": "unavailable"}, {"name": "\"rt-status\",", "scope": "App.className", "scopeKind": "class", "description": "unavailable"}]}