{"is_source_file": false, "format": "", "description": "", "external_files": [], "external_methods": [], "published": [], "classes": [], "methods": [], "calls": [], "search-terms": [], "state": 2, "file_id": 5, "knowledge_revision": 22, "git_revision": "e6331b0065d97fc90fc622faec1e58810fc62264", "ctags": [], "hash": "1a77571e1a8cf36018a41bcedf60db75", "format-version": 4, "code-base-name": "tic_tac_toe_frontend", "filename": "tic_tac_toe_frontend/src/setupTests.js", "revision_history": [{"22": "e6331b0065d97fc90fc622faec1e58810fc62264"}]}