{"is_source_file": false, "format": "", "description": "", "external_files": [], "external_methods": [], "published": [], "classes": [], "methods": [], "calls": [], "search-terms": [], "state": 2, "file_id": 8, "knowledge_revision": 28, "git_revision": "e6331b0065d97fc90fc622faec1e58810fc62264", "hash": "c65669efbdc2a3604eeaad834d3deb2e", "format-version": 4, "code-base-name": "tic_tac_toe_frontend", "filename": "tic_tac_toe_frontend/src/index.css", "revision_history": [{"28": "e6331b0065d97fc90fc622faec1e58810fc62264"}]}