{"is_source_file": true, "format": "JavaScript (React)", "description": "This file is the entry point for a React-based frontend application. It imports the React library, ReactDOM for rendering, applies styles, and renders the main App component into the DOM.", "external_files": ["react", "react-dom/client", "./index.css", "./App"], "external_methods": ["ReactDOM.createRoot", "root.render"], "published": ["React", "ReactDOM"], "classes": [], "methods": [{"name": "ReactDOM.createRoot", "description": "Creates a root for rendering the React application into the DOM."}, {"name": "root.render", "description": "Renders React components into the DOM 'root' element within the StrictMode."}], "calls": ["ReactDOM.createRoot", "root.render"], "search-terms": ["React", "ReactDOM", "index.js", "React.StrictMode", "App component", "frontend entry point"], "state": 2, "file_id": 6, "knowledge_revision": 24, "git_revision": "e6331b0065d97fc90fc622faec1e58810fc62264", "ctags": [{"_type": "tag", "name": "root", "path": "/home/kavia/workspace/code-generation/two-player-tic-tac-toe-210054-210072/tic_tac_toe_frontend/src/index.js", "pattern": "/^const root = ReactDOM.createRoot(document.getElementById('root'));$/", "language": "JavaScript", "kind": "constant"}], "hash": "9fc5841375336fc175b49f8767a11383", "format-version": 4, "code-base-name": "tic_tac_toe_frontend", "filename": "tic_tac_toe_frontend/src/index.js", "revision_history": [{"24": "e6331b0065d97fc90fc622faec1e58810fc62264"}]}