{"is_source_file": false, "format": null, "description": null, "external_files": [], "external_methods": [], "published": [], "classes": [], "methods": [], "calls": [], "search-terms": ["App.css", "Retro Tic Tac Toe", "CSS theme", "CSS styling", "tic_tac_toe_frontend", "CSS gradient background", "CSS grid layout", "CSS variables", "CSS button styles"], "state": 2, "file_id": 4, "knowledge_revision": 27, "git_revision": "e6331b0065d97fc90fc622faec1e58810fc62264", "hash": "90fe8834d0e75c7b9de6fd7c1ce300f7", "format-version": 4, "code-base-name": "tic_tac_toe_frontend", "filename": "tic_tac_toe_frontend/src/App.css", "revision_history": [{"27": "e6331b0065d97fc90fc622faec1e58810fc62264"}]}